,intent_loss,intent_acc,set
0,1.7489582415086677,0.25150602409638556,train
1,1.6417257164463852,0.3212121210315011,valid
2,1.5979252249361522,0.3704819277108434,train
3,1.4652065262649998,0.4424242411599015,valid
4,1.4454674591501075,0.44051204891089935,train
5,1.3766921144543272,0.4909090937990131,valid
6,1.3106667119336415,0.5015060248145138,train
7,1.2608067931550921,0.4969696987758983,valid
